latitude,longitude,urban
-0.530627489089966,32.3274917602539,0
-0.530627489089966,32.3274917602539,0
0.289080739021301,32.5606498718262,1
0.33318766951561,32.5706558227539,1
0.33318766951561,32.5706558227539,1
0.33318766951561,32.5706558227539,1
0.313044756650925,32.5691452026367,1
0.313044756650925,32.5691452026367,1
0.313044756650925,32.5691452026367,1
0.313044756650925,32.5691452026367,1
0.313044756650925,32.5691452026367,1
0.303095519542694,32.5733451843262,1
0.303095519542694,32.5733451843262,1
0.345752984285355,32.5462989807129,1
0.345752984285355,32.5462989807129,1
0.345752984285355,32.5462989807129,1
0.345752984285355,32.5462989807129,1
0.378049045801163,32.5941276550293,1
0.378049045801163,32.5941276550293,1
0.378049045801163,32.5941276550293,1
0.371428996324539,32.5650596618652,1
0.371428996324539,32.5650596618652,1
0.371428996324539,32.5650596618652,1
0.371428996324539,32.5650596618652,1
0.36514076590538,32.5970153808594,1
0.36514076590538,32.5970153808594,1
0.36514076590538,32.5970153808594,1
0.36514076590538,32.5970153808594,1
0.36514076590538,32.5970153808594,1
0.36514076590538,32.5970153808594,1
0.356909781694412,32.5883522033691,1
0.785026848316193,33.3249053955078,1
0.356909781694412,32.5883522033691,1
0.362534463405609,32.5747261047363,1
0.345997929573059,32.5832252502441,1
0.345997929573059,32.5832252502441,1
0.345997929573059,32.5832252502441,1
0.345997929573059,32.5832252502441,1
0.289272874593735,32.6159744262695,1
0.289272874593735,32.6159744262695,1
0.289272874593735,32.6159744262695,1
0.289272874593735,32.6159744262695,1
0.2386794090271,32.6208229064941,1
0.289272874593735,32.6159744262695,1
0.322076350450516,32.5258026123047,1
0.312796533107758,32.6114730834961,1
0.312796533107758,32.6114730834961,1
0.312796533107758,32.6114730834961,1
0.312796533107758,32.6114730834961,1
0.312796533107758,32.6114730834961,1
0.303221106529236,32.6197471618652,1
0.303221106529236,32.6197471618652,1
0.303221106529236,32.6197471618652,1
0.303221106529236,32.6197471618652,1
0.303221106529236,32.6197471618652,1
0.303221106529236,32.6197471618652,1
0.303221106529236,32.6197471618652,1
0.285813391208649,32.5787391662598,1
0.285813391208649,32.5787391662598,1
0.390592843294144,32.5215911865234,1
0.285813391208649,32.5787391662598,1
0.285813391208649,32.5787391662598,1
0.231386110186577,32.590991973877,1
0.285813391208649,32.5787391662598,1
0.301654934883118,32.6005477905273,1
0.301654934883118,32.6005477905273,1
0.326390743255615,32.5551452636719,1
0.301654934883118,32.6005477905273,1
0.301654934883118,32.6005477905273,1
0.301654934883118,32.6005477905273,1
0.273187041282654,32.6248092651367,1
0.273187041282654,32.6248092651367,1
0.273187041282654,32.6248092651367,1
0.273187041282654,32.6248092651367,1
0.273187041282654,32.6248092651367,1
0.273187041282654,32.6248092651367,1
0.273187041282654,32.6248092651367,1
0.273187041282654,32.6248092651367,1
0.295154541730881,32.5853996276855,1
0.295154541730881,32.5853996276855,1
0.295154541730881,32.5853996276855,1
0.295154541730881,32.5853996276855,1
0.285392194986343,32.6176643371582,1
0.410726010799408,32.488712310791,1
0.365630447864532,32.555477142334,1
0.285392194986343,32.6176643371582,1
0.34478223323822,32.587532043457,1
0.34478223323822,32.587532043457,1
0.34478223323822,32.587532043457,1
0.34478223323822,32.587532043457,1
0.367720067501068,32.6239585876465,1
0.367720067501068,32.6239585876465,1
0.367720067501068,32.6239585876465,1
0.368404358625412,32.5902557373047,1
0.368404358625412,32.5902557373047,1
0.368404358625412,32.5902557373047,1
0.368404358625412,32.5902557373047,1
0.368404358625412,32.5902557373047,1
0.368404358625412,32.5902557373047,1
0.32818478345871,32.6340675354004,1
0.32818478345871,32.6340675354004,1
0.32818478345871,32.6340675354004,1
0.32818478345871,32.6340675354004,1
0.321927607059479,32.6380882263184,1
0.321927607059479,32.6380882263184,1
0.33720475435257,32.6085891723633,1
0.417212635278702,33.2152442932129,1
0.33720475435257,32.6085891723633,1
0.33720475435257,32.6085891723633,1
0.305940717458725,32.5291442871094,1
0.305940717458725,32.5291442871094,1
0.305940717458725,32.5291442871094,1
0.305940717458725,32.5291442871094,1
0.305940717458725,32.5291442871094,1
0.289859712123871,32.553035736084,1
0.289859712123871,32.553035736084,1
0.289859712123871,32.553035736084,1
0.356767296791077,32.5571060180664,1
0.356767296791077,32.5571060180664,1
0.356767296791077,32.5571060180664,1
0.356767296791077,32.5571060180664,1
0.330750405788422,32.5421409606934,1
0.330750405788422,32.5421409606934,1
0.330750405788422,32.5421409606934,1
0.330750405788422,32.5421409606934,1
0.330750405788422,32.5421409606934,1
0.279319494962692,32.5660514831543,1
0.279319494962692,32.5660514831543,1
0.332452565431595,32.5423698425293,1
0.332452565431595,32.5423698425293,1
0.332452565431595,32.5423698425293,1
0.317143380641937,32.5373229980469,1
0.317143380641937,32.5373229980469,1
0.30460998415947,32.543773651123,1
0.30460998415947,32.543773651123,1
0.827926635742188,31.8434658050537,0
0.827926635742188,31.8434658050537,0
0.827926635742188,31.8434658050537,0
0.827926635742188,31.8434658050537,0
0.827926635742188,31.8434658050537,0
0.827926635742188,31.8434658050537,0
0.827926635742188,31.8434658050537,0
0.827926635742188,31.8434658050537,0
0.923509061336517,31.5785617828369,0
0.923509061336517,31.5785617828369,0
0.923509061336517,31.5785617828369,0
0.923509061336517,31.5785617828369,0
0.923509061336517,31.5785617828369,0
0.923509061336517,31.5785617828369,0
0.71214485168457,32.5294303894043,1
0.71214485168457,32.5294303894043,1
0.71214485168457,32.5294303894043,1
0.71214485168457,32.5294303894043,1
0.71214485168457,32.5294303894043,1
0.71214485168457,32.5294303894043,1
0.71214485168457,32.5294303894043,1
0.589527010917664,32.6231079101563,0
0.589527010917664,32.6231079101563,0
0.589527010917664,32.6231079101563,0
0.589527010917664,32.6231079101563,0
0.589527010917664,32.6231079101563,0
0.589527010917664,32.6231079101563,0
0.589527010917664,32.6231079101563,0
0.471293449401855,32.8645896911621,0
0.589527010917664,32.6231079101563,0
0.589527010917664,32.6231079101563,0
0.662385106086731,32.7091407775879,0
0.662385106086731,32.7091407775879,0
0.662385106086731,32.7091407775879,0
0.662385106086731,32.7091407775879,0
0.662385106086731,32.7091407775879,0
0.662385106086731,32.7091407775879,0
0.662385106086731,32.7091407775879,0
0.662385106086731,32.7091407775879,0
0.662385106086731,32.7091407775879,0
0.794874548912048,32.4711418151855,0
0.811501383781433,32.5159187316895,0
0.811501383781433,32.5159187316895,0
0.811501383781433,32.5159187316895,0
0.811501383781433,32.5159187316895,0
0.350512117147446,32.6247978210449,1
0.811501383781433,32.5159187316895,0
0.811501383781433,32.5159187316895,0
0.811501383781433,32.5159187316895,0
0.811501383781433,32.5159187316895,0
-0.343147128820419,31.7253131866455,1
-0.343147128820419,31.7253131866455,1
-0.343147128820419,31.7253131866455,1
-0.343147128820419,31.7253131866455,1
-0.142147570848465,31.8796768188477,1
-0.142147570848465,31.8796768188477,1
-0.0795709863305092,31.6357078552246,0
-0.0795709863305092,31.6357078552246,0
-0.0795709863305092,31.6357078552246,0
-0.303412914276123,31.72287940979,0
-0.0795709863305092,31.6357078552246,0
-0.0795709863305092,31.6357078552246,0
-0.0795709863305092,31.6357078552246,0
-0.0795709863305092,31.6357078552246,0
-0.0795709863305092,31.6357078552246,0
-0.0795709863305092,31.6357078552246,0
-0.248543187975883,31.6678161621094,0
-0.248543187975883,31.6678161621094,0
-0.248543187975883,31.6678161621094,0
-0.248543187975883,31.6678161621094,0
-0.248543187975883,31.6678161621094,0
-0.248543187975883,31.6678161621094,0
-0.248543187975883,31.6678161621094,0
-0.344247996807098,31.5716648101807,0
-0.344247996807098,31.5716648101807,0
-0.344247996807098,31.5716648101807,0
-0.344247996807098,31.5716648101807,0
-0.344247996807098,31.5716648101807,0
-0.344247996807098,31.5716648101807,0
-0.344247996807098,31.5716648101807,0
-0.471200257539749,31.3637866973877,0
-0.471200257539749,31.3637866973877,0
-0.471200257539749,31.3637866973877,0
-0.471200257539749,31.3637866973877,0
-0.471200257539749,31.3637866973877,0
-0.471200257539749,31.3637866973877,0
-0.471200257539749,31.3637866973877,0
-0.471200257539749,31.3637866973877,0
-0.522386312484741,31.3553428649902,0
-0.522386312484741,31.3553428649902,0
-0.522386312484741,31.3553428649902,0
-0.522386312484741,31.3553428649902,0
-0.522386312484741,31.3553428649902,0
-0.522386312484741,31.3553428649902,0
-0.522386312484741,31.3553428649902,0
-0.522386312484741,31.3553428649902,0
-0.522386312484741,31.3553428649902,0
-0.576782405376434,31.6916370391846,0
-0.576782405376434,31.6916370391846,0
-0.576782405376434,31.6916370391846,0
-0.576782405376434,31.6916370391846,0
-0.576782405376434,31.6916370391846,0
-0.576782405376434,31.6916370391846,0
-0.576782405376434,31.6916370391846,0
-0.576782405376434,31.6916370391846,0
-0.291444003582001,31.7913436889648,0
-0.291444003582001,31.7913436889648,0
-0.291444003582001,31.7913436889648,0
-0.291444003582001,31.7913436889648,0
-0.291444003582001,31.7913436889648,0
-0.291444003582001,31.7913436889648,0
-0.291444003582001,31.7913436889648,0
9.76596027612686e-4,31.7997989654541,0
9.76596027612686e-4,31.7997989654541,0
-0.314625114202499,31.7481575012207,0
9.76596027612686e-4,31.7997989654541,0
9.76596027612686e-4,31.7997989654541,0
9.76596027612686e-4,31.7997989654541,0
-0.197683021426201,31.8102912902832,0
-0.197683021426201,31.8102912902832,0
-0.197683021426201,31.8102912902832,0
-0.197683021426201,31.8102912902832,0
-0.197683021426201,31.8102912902832,0
-0.197683021426201,31.8102912902832,0
-0.197683021426201,31.8102912902832,0
0.112059839069843,31.7603454589844,0
0.112059839069843,31.7603454589844,0
0.112059839069843,31.7603454589844,0
0.112059839069843,31.7603454589844,0
0.0299270804971457,32.0245895385742,0
0.112059839069843,31.7603454589844,0
0.112059839069843,31.7603454589844,0
0.112059839069843,31.7603454589844,0
0.112059839069843,31.7603454589844,0
0.270254284143448,31.6484489440918,0
0.270254284143448,31.6484489440918,0
0.335266023874283,31.6469745635986,0
0.270254284143448,31.6484489440918,0
0.270254284143448,31.6484489440918,0
0.270254284143448,31.6484489440918,0
0.270254284143448,31.6484489440918,0
0.170688912272453,32.4613609313965,0
0.189466461539268,32.4375190734863,0
0.270254284143448,31.6484489440918,0
0.0716098621487617,32.0928726196289,0
0.0716098621487617,32.0928726196289,0
0.0716098621487617,32.0928726196289,0
0.0716098621487617,32.0928726196289,0
0.0716098621487617,32.0928726196289,0
0.0716098621487617,32.0928726196289,0
0.0716098621487617,32.0928726196289,0
0.0716098621487617,32.0928726196289,0
0.0716098621487617,32.0928726196289,0
0.196654409170151,32.2552299499512,0
0.196654409170151,32.2552299499512,0
0.196654409170151,32.2552299499512,0
0.196654409170151,32.2552299499512,0
0.196654409170151,32.2552299499512,0
0.196654409170151,32.2552299499512,0
0.196654409170151,32.2552299499512,0
0.552687466144562,31.3820266723633,1
0.480719834566116,31.6931667327881,1
0.552687466144562,31.3820266723633,1
0.552687466144562,31.3820266723633,1
0.552687466144562,31.3820266723633,1
0.552687466144562,31.3820266723633,1
0.390713512897491,32.0738220214844,1
0.390713512897491,32.0738220214844,1
0.390713512897491,32.0738220214844,1
0.390713512897491,32.0738220214844,1
0.390713512897491,32.0738220214844,1
0.213034510612488,31.0526390075684,0
0.213034510612488,31.0526390075684,0
0.213034510612488,31.0526390075684,0
0.213034510612488,31.0526390075684,0
0.213034510612488,31.0526390075684,0
0.537967622280121,31.368236541748,0
0.537967622280121,31.368236541748,0
0.537967622280121,31.368236541748,0
0.537967622280121,31.368236541748,0
0.537967622280121,31.368236541748,0
0.63070547580719,31.7877235412598,0
0.63070547580719,31.7877235412598,0
0.63070547580719,31.7877235412598,0
0.63070547580719,31.7877235412598,0
0.63070547580719,31.7877235412598,0
0.524179399013519,31.3594627380371,0
0.63070547580719,31.7877235412598,0
0.63070547580719,31.7877235412598,0
0.63070547580719,31.7877235412598,0
0.487563967704773,31.8009243011475,0
0.446488440036774,31.8257064819336,0
0.426389187574387,31.8379459381104,0
0.487563967704773,31.8009243011475,0
0.487563967704773,31.8009243011475,0
0.487563967704773,31.8009243011475,0
0.487563967704773,31.8009243011475,0
0.487563967704773,31.8009243011475,0
0.401924014091492,32.1020774841309,0
0.487563967704773,31.8009243011475,0
0.487563967704773,31.8009243011475,0
0.586751282215118,31.7181549072266,0
0.586751282215118,31.7181549072266,0
0.586751282215118,31.7181549072266,0
0.586751282215118,31.7181549072266,0
0.586751282215118,31.7181549072266,0
0.586751282215118,31.7181549072266,0
0.586751282215118,31.7181549072266,0
0.586751282215118,31.7181549072266,0
0.354955315589905,32.9335060119629,1
0.354955315589905,32.9335060119629,1
0.286152809858322,32.6383666992188,1
0.354955315589905,32.9335060119629,1
0.354955315589905,32.9335060119629,1
0.354955315589905,32.9335060119629,1
0.354955315589905,32.9335060119629,1
0.354955315589905,32.9335060119629,1
0.354955315589905,32.9335060119629,1
0.411417484283447,33.1413688659668,1
0.411417484283447,33.1413688659668,1
0.411417484283447,33.1413688659668,1
0.411417484283447,33.1413688659668,1
0.411417484283447,33.1413688659668,1
0.316349565982819,33.1603584289551,0
0.316349565982819,33.1603584289551,0
0.316349565982819,33.1603584289551,0
0.316349565982819,33.1603584289551,0
0.316349565982819,33.1603584289551,0
0.316349565982819,33.1603584289551,0
0.369690954685211,33.1874313354492,1
0.369690954685211,33.1874313354492,0
0.369690954685211,33.1874313354492,0
0.369690954685211,33.1874313354492,0
0.369690954685211,33.1874313354492,0
0.369690954685211,33.1874313354492,0
0.369690954685211,33.1874313354492,0
0.369690954685211,33.1874313354492,0
0.369690954685211,33.1874313354492,0
0.369690954685211,33.1874313354492,0
0.376263439655304,33.1910133361816,0
0.376263439655304,33.1910133361816,0
0.376263439655304,33.1910133361816,0
0.376263439655304,33.1910133361816,0
0.376263439655304,33.1910133361816,0
0.376263439655304,33.1910133361816,0
0.376263439655304,33.1910133361816,0
0.376263439655304,33.1910133361816,0
0.376263439655304,33.1910133361816,0
0.112189784646034,33.4779624938965,0
0.112189784646034,33.4779624938965,0
0.112189784646034,33.4779624938965,0
0.112189784646034,33.4779624938965,0
0.112189784646034,33.4779624938965,0
0.112189784646034,33.4779624938965,0
0.112189784646034,33.4779624938965,0
0.435742348432541,32.8037338256836,0
0.435742348432541,32.8037338256836,0
0.435742348432541,32.8037338256836,0
0.435742348432541,32.8037338256836,0
0.435742348432541,32.8037338256836,0
0.463651865720749,32.7899627685547,0
0.411849081516266,32.6887550354004,1
0.411849081516266,32.6887550354004,1
0.411849081516266,32.6887550354004,1
0.411849081516266,32.6887550354004,1
0.411849081516266,32.6887550354004,1
0.411849081516266,32.6887550354004,1
0.619389116764069,32.8121566772461,0
0.619389116764069,32.8121566772461,0
0.619389116764069,32.8121566772461,0
0.619389116764069,32.8121566772461,0
0.619389116764069,32.8121566772461,0
0.619389116764069,32.8121566772461,0
0.684824407100677,32.8292083740234,0
0.684824407100677,32.8292083740234,0
0.684824407100677,32.8292083740234,0
0.684824407100677,32.8292083740234,0
0.684824407100677,32.8292083740234,0
0.684824407100677,32.8292083740234,0
0.625139534473419,32.9195861816406,0
0.625139534473419,32.9195861816406,0
0.625139534473419,32.9195861816406,0
0.625139534473419,32.9195861816406,0
0.625139534473419,32.9195861816406,0
0.625139534473419,32.9195861816406,0
0.625139534473419,32.9195861816406,0
0.625139534473419,32.9195861816406,0
1.58244657516479,32.1892929077148,0
1.58244657516479,32.1892929077148,0
1.58244657516479,32.1892929077148,0
1.58244657516479,32.1892929077148,0
1.58244657516479,32.1892929077148,0
1.58244657516479,32.1892929077148,0
-0.639231383800507,31.5299892425537,1
0.372188210487366,32.5684623718262,1
-0.639231383800507,31.5299892425537,1
-0.639231383800507,31.5299892425537,1
-0.639231383800507,31.5299892425537,1
-0.639231383800507,31.5299892425537,1
-0.639231383800507,31.5299892425537,1
-0.639231383800507,31.5299892425537,1
-0.639231383800507,31.5299892425537,1
-0.8871248960495,31.711088180542,0
-0.8871248960495,31.711088180542,0
-0.8871248960495,31.711088180542,0
-0.8871248960495,31.711088180542,0
-0.8871248960495,31.711088180542,0
-0.8871248960495,31.711088180542,0
-0.8871248960495,31.711088180542,0
-0.8871248960495,31.711088180542,0
-0.612109959125519,31.1836376190186,0
-0.518611609935761,31.1944370269775,0
-0.364492684602737,31.1595478057861,0
-0.518611609935761,31.1944370269775,0
-0.518611609935761,31.1944370269775,0
-0.417683213949203,31.1459484100342,0
-0.518611609935761,31.1944370269775,0
-0.518611609935761,31.1944370269775,0
-0.670389473438263,31.1604404449463,0
-0.518611609935761,31.1944370269775,0
-0.508830487728119,31.3332862854004,0
-0.508830487728119,31.3332862854004,0
-0.508830487728119,31.3332862854004,0
-0.508830487728119,31.3332862854004,0
0.268996745347977,32.5728454589844,0
-0.508830487728119,31.3332862854004,0
-0.508830487728119,31.3332862854004,0
-0.508830487728119,31.3332862854004,0
-0.508830487728119,31.3332862854004,0
-0.508830487728119,31.3332862854004,0
-0.508830487728119,31.3332862854004,0
-0.508830487728119,31.3332862854004,0
0.285991013050079,32.538703918457,1
-0.50336110591888406,31.6160697937012,0
-0.50336110591888406,31.6160697937012,0
-0.50336110591888406,31.6160697937012,0
0.258136421442032,32.5653228759766,0
-0.50336110591888406,31.6160697937012,0
-0.50336110591888406,31.6160697937012,0
-0.50336110591888406,31.6160697937012,0
0.145366743206978,31.2310600280762,0
0.145366743206978,31.2310600280762,0
0.145366743206978,31.2310600280762,0
0.145366743206978,31.2310600280762,0
0.145366743206978,31.2310600280762,0
0.145366743206978,31.2310600280762,0
0.145366743206978,31.2310600280762,0
0.145366743206978,31.2310600280762,0
-0.292247772216797,31.4787216186523,0
-0.292247772216797,31.4787216186523,0
-0.292247772216797,31.4787216186523,0
-0.292247772216797,31.4787216186523,0
-0.292247772216797,31.4787216186523,0
-0.292247772216797,31.4787216186523,0
-0.292247772216797,31.4787216186523,0
-0.292247772216797,31.4787216186523,0
-0.155980333685875,31.400016784668,0
-0.151018559932709,31.4375495910645,0
-0.151018559932709,31.4375495910645,0
-0.151018559932709,31.4375495910645,0
-0.151018559932709,31.4375495910645,0
-0.151018559932709,31.4375495910645,0
-0.151018559932709,31.4375495910645,0
-0.151018559932709,31.4375495910645,0
-0.151018559932709,31.4375495910645,0
-0.151018559932709,31.4375495910645,0
0.726580560207367,32.9185066223145,1
0.726580560207367,32.9185066223145,1
0.726580560207367,32.9185066223145,1
0.726580560207367,32.9185066223145,1
0.726580560207367,32.9185066223145,1
0.726580560207367,32.9185066223145,1
0.726580560207367,32.9185066223145,1
0.726580560207367,32.9185066223145,1
0.82723480463028,32.8440856933594,0
0.82723480463028,32.8440856933594,0
0.82723480463028,32.8440856933594,0
0.82723480463028,32.8440856933594,0
0.82723480463028,32.8440856933594,0
0.82723480463028,32.8440856933594,0
0.82723480463028,32.8440856933594,0
0.82723480463028,32.8440856933594,0
0.82723480463028,32.8440856933594,0
0.732910215854645,32.9587593078613,0
0.732910215854645,32.9587593078613,0
0.732910215854645,32.9587593078613,0
0.732910215854645,32.9587593078613,0
0.732910215854645,32.9587593078613,0
0.732910215854645,32.9587593078613,0
0.0677282065153122,32.4715919494629,1
0.0677282065153122,32.4715919494629,1
0.0677282065153122,32.4715919494629,1
0.0677282065153122,32.4715919494629,1
0.0677282065153122,32.4715919494629,1
0.0677282065153122,32.4715919494629,1
0.218554243445396,32.5398979187012,1
0.218554243445396,32.5398979187012,1
0.218554243445396,32.5398979187012,1
0.350127428770065,32.6699867248535,1
0.350127428770065,32.6699867248535,1
0.350127428770065,32.6699867248535,1
0.350127428770065,32.6699867248535,1
0.350127428770065,32.6699867248535,1
0.37599328160286,32.5358734130859,1
0.37599328160286,32.5358734130859,1
0.37599328160286,32.5358734130859,1
0.37599328160286,32.5358734130859,1
0.37599328160286,32.5358734130859,1
0.261842280626297,32.556755065918,1
0.261842280626297,32.556755065918,1
0.261842280626297,32.556755065918,1
0.261842280626297,32.556755065918,1
0.261842280626297,32.556755065918,1
0.0560901910066605,32.3109283447266,0
0.297392398118973,32.5121841430664,0
0.0560901910066605,32.3109283447266,0
0.0560901910066605,32.3109283447266,0
0.0560901910066605,32.3109283447266,0
0.0393437594175339,32.5403861999512,0
0.0393437594175339,32.5403861999512,0
0.0393437594175339,32.5403861999512,0
0.0393437594175339,32.5403861999512,0
0.0393437594175339,32.5403861999512,0
0.265680611133575,32.4627571105957,0
0.265680611133575,32.4627571105957,0
0.265680611133575,32.4627571105957,0
0.265680611133575,32.4627571105957,0
0.265680611133575,32.4627571105957,0
0.265680611133575,32.4627571105957,0
0.265680611133575,32.4627571105957,0
0.265680611133575,32.4627571105957,0
0.160929515957832,32.5529327392578,0
0.160929515957832,32.5529327392578,0
0.160929515957832,32.5529327392578,0
0.160929515957832,32.5529327392578,0
0.326053887605667,32.5104064941406,0
0.326053887605667,32.5104064941406,0
0.326053887605667,32.5104064941406,0
0.326053887605667,32.5104064941406,0
0.326053887605667,32.5104064941406,0
0.326053887605667,32.5104064941406,0
0.326053887605667,32.5104064941406,0
0.34771341085434,32.6829795837402,0
0.34771341085434,32.6829795837402,0
0.34771341085434,32.6829795837402,0
0.34771341085434,32.6829795837402,0
0.34771341085434,32.6829795837402,0
0.34771341085434,32.6829795837402,0
0.349634975194931,32.5372314453125,0
0.349634975194931,32.5372314453125,0
0.349634975194931,32.5372314453125,0
0.349634975194931,32.5372314453125,0
0.349634975194931,32.5372314453125,0
0.349634975194931,32.5372314453125,0
0.255861133337021,32.6040191650391,0
0.255861133337021,32.6040191650391,0
0.255861133337021,32.6040191650391,0
0.255861133337021,32.6040191650391,0
0.255861133337021,32.6040191650391,0
0.239827170968056,32.5439300537109,0
0.239827170968056,32.5439300537109,0
0.239827170968056,32.5439300537109,0
0.239827170968056,32.5439300537109,0
0.239827170968056,32.5439300537109,0
0.239827170968056,32.5439300537109,0
0.239827170968056,32.5439300537109,0
-0.107999116182327,31.1247825622559,0
-0.29533115029335,31.2187824249268,0
-0.29533115029335,31.2187824249268,0
-0.29533115029335,31.2187824249268,0
-0.402727663516998,31.3498954772949,0
-0.29533115029335,31.2187824249268,0
-0.29533115029335,31.2187824249268,0
-0.29533115029335,31.2187824249268,0
-0.29533115029335,31.2187824249268,0
-0.29533115029335,31.2187824249268,0
0.751306176185608,31.7029800415039,0
0.27472311258316,31.9426517486572,0
0.27472311258316,31.9426517486572,0
0.27472311258316,31.9426517486572,0
0.27472311258316,31.9426517486572,0
0.27472311258316,31.9426517486572,0
0.27472311258316,31.9426517486572,0
0.27472311258316,31.9426517486572,0
0.402623325586319,32.0810546875,0
0.402623325586319,32.0810546875,0
0.402623325586319,32.0810546875,0
0.480199247598648,31.7791748046875,0
0.402623325586319,32.0810546875,0
0.402623325586319,32.0810546875,0
0.402623325586319,32.0810546875,0
0.543995559215546,32.1898193359375,0
0.543995559215546,32.1898193359375,0
0.543995559215546,32.1898193359375,0
0.64454174041748,32.2456817626953,0
0.684433221817017,32.3014259338379,0
0.584685146808624,32.5620079040527,0
0.684433221817017,32.3014259338379,0
0.684433221817017,32.3014259338379,0
0.684433221817017,32.3014259338379,0
0.684433221817017,32.3014259338379,0
1.15960025787354,32.0026092529297,1
1.15960025787354,32.0026092529297,1
1.15960025787354,32.0026092529297,1
1.15960025787354,32.0026092529297,1
1.15960025787354,32.0026092529297,1
1.05097627639771,32.4674682617188,0
0.767357647418976,32.5258140563965,1
0.369963735342026,32.5560455322266,0
0.431405365467072,33.8126411437988,0
0.431405365467072,33.8126411437988,0
0.431405365467072,33.8126411437988,0
0.431405365467072,33.8126411437988,0
0.431405365467072,33.8126411437988,0
0.431405365467072,33.8126411437988,0
0.431405365467072,33.8126411437988,0
0.431405365467072,33.8126411437988,0
0.31351912021637,33.8706359863281,0
0.31351912021637,33.8706359863281,0
0.31351912021637,33.8706359863281,0
0.31351912021637,33.8706359863281,0
0.31351912021637,33.8706359863281,0
0.31351912021637,33.8706359863281,0
0.31351912021637,33.8706359863281,0
0.31351912021637,33.8706359863281,0
0.711598098278046,33.6848335266113,0
0.711598098278046,33.6848335266113,0
0.711598098278046,33.6848335266113,0
0.711598098278046,33.6848335266113,0
0.711598098278046,33.6848335266113,0
0.711598098278046,33.6848335266113,0
0.103999450802803,33.7830924987793,0
0.103999450802803,33.7830924987793,0
0.490654230117798,34.0917701721191,0
0.490654230117798,34.0917701721191,0
0.490654230117798,34.0917701721191,0
0.490654230117798,34.0917701721191,0
0.490654230117798,34.0917701721191,0
0.490654230117798,34.0917701721191,0
0.490654230117798,34.0917701721191,0
0.389015406370163,34.0578117370605,0
0.389015406370163,34.0578117370605,0
0.389015406370163,34.0578117370605,0
0.389015406370163,34.0578117370605,0
0.389015406370163,34.0578117370605,0
0.389015406370163,34.0578117370605,0
0.389015406370163,34.0578117370605,0
0.389015406370163,34.0578117370605,0
0.615904808044434,33.4700546264648,1
0.615904808044434,33.4700546264648,1
0.615904808044434,33.4700546264648,1
0.623697280883789,33.4741477966309,1
0.623697280883789,33.4741477966309,1
0.623697280883789,33.4741477966309,1
0.623697280883789,33.4741477966309,1
0.623697280883789,33.4741477966309,1
0.623697280883789,33.4741477966309,1
0.623697280883789,33.4741477966309,1
0.623697280883789,33.4741477966309,1
0.551625669002533,33.618896484375,0
0.551625669002533,33.618896484375,0
0.551625669002533,33.618896484375,0
0.551625669002533,33.618896484375,0
0.551625669002533,33.618896484375,0
0.551625669002533,33.618896484375,0
0.551625669002533,33.618896484375,0
0.551625669002533,33.618896484375,0
0.551625669002533,33.618896484375,0
0.572827994823456,33.4740257263184,0
0.572827994823456,33.4740257263184,0
0.828696727752686,33.2164840698242,0
0.572827994823456,33.4740257263184,0
0.572827994823456,33.4740257263184,0
0.572827994823456,33.4740257263184,0
0.572827994823456,33.4740257263184,0
0.547453582286835,33.1652755737305,0
0.572827994823456,33.4740257263184,0
0.572827994823456,33.4740257263184,0
0.674982845783234,33.5198974609375,0
0.674982845783234,33.5198974609375,0
0.674982845783234,33.5198974609375,0
0.674982845783234,33.5198974609375,0
0.674982845783234,33.5198974609375,0
0.674982845783234,33.5198974609375,0
1.01656532287598,33.3279800415039,0
1.01656532287598,33.3279800415039,0
1.01656532287598,33.3279800415039,0
1.01656532287598,33.3279800415039,0
1.01656532287598,33.3279800415039,0
1.01656532287598,33.3279800415039,0
1.01656532287598,33.3279800415039,0
0.775407314300537,33.3474769592285,0
0.775407314300537,33.3474769592285,0
0.775407314300537,33.3474769592285,0
0.775407314300537,33.3474769592285,0
0.775407314300537,33.3474769592285,0
0.775407314300537,33.3474769592285,0
0.775407314300537,33.3474769592285,0
0.422720521688461,33.2024993896484,1
0.422720521688461,33.2024993896484,1
0.823249995708466,34.2178001403809,1
0.422720521688461,33.2024993896484,1
0.422720521688461,33.2024993896484,1
0.432436555624008,33.2406768798828,1
0.432436555624008,33.2406768798828,1
0.432436555624008,33.2406768798828,1
0.485487937927246,33.2385559082031,1
0.485487937927246,33.2385559082031,1
0.485487937927246,33.2385559082031,1
0.485487937927246,33.2385559082031,1
0.485487937927246,33.2385559082031,1
0.485487937927246,33.2385559082031,1
0.485487937927246,33.2385559082031,1
0.625762522220612,33.2887725830078,0
0.625762522220612,33.2887725830078,0
0.625762522220612,33.2887725830078,0
0.625762522220612,33.2887725830078,0
0.625762522220612,33.2887725830078,0
0.625762522220612,33.2887725830078,0
0.625762522220612,33.2887725830078,0
0.625762522220612,33.2887725830078,0
0.625762522220612,33.2887725830078,0
0.551319479942322,33.125862121582,0
0.551319479942322,33.125862121582,0
0.551319479942322,33.125862121582,0
0.551319479942322,33.125862121582,0
0.551319479942322,33.125862121582,0
0.551319479942322,33.125862121582,0
0.545563697814941,33.0937652587891,0
0.545563697814941,33.0937652587891,0
0.545563697814941,33.0937652587891,0
0.545563697814941,33.0937652587891,0
0.545563697814941,33.0937652587891,0
0.545563697814941,33.0937652587891,0
0.545563697814941,33.0937652587891,0
0.545563697814941,33.0937652587891,0
0.545563697814941,33.0937652587891,0
0.924405336380005,33.1305084228516,1
0.924405336380005,33.1305084228516,1
0.924405336380005,33.1305084228516,1
0.924405336380005,33.1305084228516,1
0.924405336380005,33.1305084228516,1
0.924405336380005,33.1305084228516,1
0.924405336380005,33.1305084228516,1
1.20923256874084,33.047924041748,0
1.20923256874084,33.047924041748,0
1.20923256874084,33.047924041748,0
1.20923256874084,33.047924041748,0
1.20923256874084,33.047924041748,0
1.20923256874084,33.047924041748,0
1.20923256874084,33.047924041748,0
1.20923256874084,33.047924041748,0
1.23299014568329,33.331226348877,0
1.23299014568329,33.331226348877,0
1.23299014568329,33.331226348877,0
1.23299014568329,33.331226348877,0
1.23299014568329,33.331226348877,0
1.23299014568329,33.331226348877,0
1.23299014568329,33.331226348877,0
1.23299014568329,33.331226348877,0
1.06010282039642,33.0102233886719,0
1.06010282039642,33.0102233886719,0
1.06010282039642,33.0102233886719,0
1.06010282039642,33.0102233886719,0
1.06010282039642,33.0102233886719,0
1.06010282039642,33.0102233886719,0
1.06010282039642,33.0102233886719,0
1.06010282039642,33.0102233886719,0
0.90053391456604,33.1015129089355,0
0.90053391456604,33.1015129089355,0
0.90053391456604,33.1015129089355,0
1.05894637107849,33.1644973754883,0
0.90053391456604,33.1015129089355,0
0.90053391456604,33.1015129089355,0
0.90053391456604,33.1015129089355,0
0.90053391456604,33.1015129089355,0
0.773993253707886,33.0747528076172,0
0.773993253707886,33.0747528076172,0
0.773993253707886,33.0747528076172,0
0.773993253707886,33.0747528076172,0
0.773993253707886,33.0747528076172,0
0.773993253707886,33.0747528076172,0
0.773993253707886,33.0747528076172,0
1.38218474388123,34.4044532775879,0
1.38218474388123,34.4044532775879,0
1.38218474388123,34.4044532775879,0
1.38218474388123,34.4044532775879,0
1.38218474388123,34.4044532775879,0
1.38218474388123,34.4044532775879,0
1.86953103542328,33.9480819702148,0
2.05196261405945,33.977970123291,0
1.89014375209808,33.823802947998,0
1.86953103542328,33.9480819702148,0
1.86953103542328,33.9480819702148,0
1.86953103542328,33.9480819702148,0
1.86953103542328,33.9480819702148,0
1.86953103542328,33.9480819702148,0
1.86953103542328,33.9480819702148,0
1.86953103542328,33.9480819702148,0
1.86953103542328,33.9480819702148,0
1.66368937492371,33.967887878418,0
1.66368937492371,33.967887878418,0
1.66368937492371,33.967887878418,0
1.66368937492371,33.967887878418,0
1.66368937492371,33.967887878418,0
1.66368937492371,33.967887878418,0
1.66368937492371,33.967887878418,0
1.66368937492371,33.967887878418,0
1.66368937492371,33.967887878418,0
1.66368937492371,33.967887878418,0
1.47599637508392,33.9171676635742,1
1.47599637508392,33.9171676635742,1
1.47599637508392,33.9171676635742,1
1.47599637508392,33.9171676635742,1
1.47599637508392,33.9171676635742,1
1.47599637508392,33.9171676635742,1
0.321331709623337,32.6548461914063,1
0.702604353427887,34.1930999755859,1
0.355950325727463,32.6122016906738,1
1.47599637508392,33.9171676635742,1
1.47599637508392,33.9171676635742,1
1.37214016914368,33.9079666137695,0
1.37214016914368,33.9079666137695,0
1.37214016914368,33.9079666137695,0
1.37214016914368,33.9079666137695,0
1.37214016914368,33.9079666137695,0
1.37214016914368,33.9079666137695,0
1.37214016914368,33.9079666137695,0
1.37214016914368,33.9079666137695,0
1.5315842628479,34.0501136779785,0
1.5315842628479,34.0501136779785,0
1.5315842628479,34.0501136779785,0
1.5315842628479,34.0501136779785,0
1.5315842628479,34.0501136779785,0
1.5315842628479,34.0501136779785,0
1.5315842628479,34.0501136779785,0
1.5315842628479,34.0501136779785,0
1.5315842628479,34.0501136779785,0
1.5315842628479,34.0501136779785,0
1.5315842628479,34.0501136779785,0
1.58896815776825,33.8601341247559,0
1.58896815776825,33.8601341247559,0
1.58896815776825,33.8601341247559,0
1.58896815776825,33.8601341247559,0
1.58896815776825,33.8601341247559,0
1.58896815776825,33.8601341247559,0
1.58896815776825,33.8601341247559,0
1.58896815776825,33.8601341247559,0
1.58896815776825,33.8601341247559,0
1.58896815776825,33.8601341247559,0
2.2566249370575,32.9248352050781,0
1.58896815776825,33.8601341247559,0
1.07345378398895,34.1650390625,1
1.07345378398895,34.1650390625,1
1.07345378398895,34.1650390625,1
1.07075548171997,34.1721992492676,1
1.07075548171997,34.1721992492676,1
NA,NA,1
1.07075548171997,34.1721992492676,1
1.07075548171997,34.1721992492676,1
1.02946770191193,34.2461814880371,0
1.02946770191193,34.2461814880371,0
1.02946770191193,34.2461814880371,0
1.02946770191193,34.2461814880371,0
1.02946770191193,34.2461814880371,0
1.02946770191193,34.2461814880371,0
1.02946770191193,34.2461814880371,0
1.02946770191193,34.2461814880371,0
1.02946770191193,34.2461814880371,0
1.1838995218277,33.7195930480957,1
1.1838995218277,33.7195930480957,1
1.1838995218277,33.7195930480957,1
1.1838995218277,33.7195930480957,1
1.14941644668579,33.9205665588379,0
1.14941644668579,33.9205665588379,0
1.14941644668579,33.9205665588379,0
1.14941644668579,33.9205665588379,0
1.14941644668579,33.9205665588379,0
1.14941644668579,33.9205665588379,0
1.14941644668579,33.9205665588379,0
1.14941644668579,33.9205665588379,0
1.31359672546387,33.7401695251465,0
1.31359672546387,33.7401695251465,0
1.31359672546387,33.7401695251465,0
1.31359672546387,33.7401695251465,0
1.31359672546387,33.7401695251465,0
1.31359672546387,33.7401695251465,0
1.31359672546387,33.7401695251465,0
1.31359672546387,33.7401695251465,0
1.26079976558685,33.7970542907715,0
1.26079976558685,33.7970542907715,0
1.26079976558685,33.7970542907715,0
1.26079976558685,33.7970542907715,0
1.26079976558685,33.7970542907715,0
1.26079976558685,33.7970542907715,0
1.26079976558685,33.7970542907715,0
1.74108505249023,33.6019668579102,1
1.74108505249023,33.6019668579102,1
1.74108505249023,33.6019668579102,1
1.74108505249023,33.6019668579102,1
1.74108505249023,33.6019668579102,1
1.56147372722626,33.3062973022461,0
1.56147372722626,33.3062973022461,0
1.56147372722626,33.3062973022461,0
1.56147372722626,33.3062973022461,0
1.56147372722626,33.3062973022461,0
1.56147372722626,33.3062973022461,0
1.56147372722626,33.3062973022461,0
1.56147372722626,33.3062973022461,0
1.56147372722626,33.3062973022461,0
1.56147372722626,33.3062973022461,0
1.52577114105225,33.5503845214844,0
1.52577114105225,33.5503845214844,0
1.50145709514618,33.4706115722656,0
1.52577114105225,33.5503845214844,0
1.83443355560303,33.5172080993652,0
1.50963222980499,33.3904228210449,0
1.52577114105225,33.5503845214844,0
1.74095821380615,33.5833396911621,0
1.74095821380615,33.5833396911621,0
1.74095821380615,33.5833396911621,0
1.74095821380615,33.5833396911621,0
1.74095821380615,33.5833396911621,0
1.74095821380615,33.5833396911621,0
1.74095821380615,33.5833396911621,0
1.74095821380615,33.5833396911621,0
1.74095821380615,33.5833396911621,0
1.74095821380615,33.5833396911621,0
1.70041382312775,33.6885223388672,0
1.70041382312775,33.6885223388672,0
1.70041382312775,33.6885223388672,0
1.70041382312775,33.6885223388672,0
1.70041382312775,33.6885223388672,0
1.67027997970581,33.7054595947266,0
1.70041382312775,33.6885223388672,0
1.70041382312775,33.6885223388672,0
1.70041382312775,33.6885223388672,0
1.70041382312775,33.6885223388672,0
1.70041382312775,33.6885223388672,0
0.711117923259735,34.1736373901367,1
0.819429337978363,34.0940742492676,0
0.819429337978363,34.0940742492676,0
0.819429337978363,34.0940742492676,0
0.819429337978363,34.0940742492676,0
0.819429337978363,34.0940742492676,0
0.819429337978363,34.0940742492676,0
0.819429337978363,34.0940742492676,0
0.819429337978363,34.0940742492676,0
0.819429337978363,34.0940742492676,0
0.657477378845215,34.1587715148926,0
0.657477378845215,34.1587715148926,0
0.657477378845215,34.1587715148926,0
0.657477378845215,34.1587715148926,0
0.657477378845215,34.1587715148926,0
0.657477378845215,34.1587715148926,0
0.657477378845215,34.1587715148926,0
0.657477378845215,34.1587715148926,0
0.640629768371582,32.9984588623047,0
0.696134746074677,34.0029640197754,0
0.696134746074677,34.0029640197754,0
0.696134746074677,34.0029640197754,0
0.696134746074677,34.0029640197754,0
0.696134746074677,34.0029640197754,0
0.696134746074677,34.0029640197754,0
0.696134746074677,34.0029640197754,0
0.696242272853851,34.1093864440918,0
0.696242272853851,34.1093864440918,0
0.696242272853851,34.1093864440918,0
0.696242272853851,34.1093864440918,0
0.696242272853851,34.1093864440918,0
0.696242272853851,34.1093864440918,0
0.513224303722382,33.4177093505859,0
0.513224303722382,33.4177093505859,0
0.513224303722382,33.4177093505859,0
0.513224303722382,33.4177093505859,0
0.513224303722382,33.4177093505859,0
0.513224303722382,33.4177093505859,0
0.513224303722382,33.4177093505859,0
0.423703491687775,33.6121711730957,0
0.423703491687775,33.6121711730957,0
0.423703491687775,33.6121711730957,0
0.423703491687775,33.6121711730957,0
1.2457377910614,34.2635726928711,1
1.2457377910614,34.2635726928711,1
1.2457377910614,34.2635726928711,1
1.2457377910614,34.2635726928711,1
1.2457377910614,34.2635726928711,1
1.2184237241745,34.2704315185547,0
1.2184237241745,34.2704315185547,0
1.2184237241745,34.2704315185547,0
1.2184237241745,34.2704315185547,0
1.2184237241745,34.2704315185547,0
1.2184237241745,34.2704315185547,0
1.15165543556213,34.261589050293,0
1.15165543556213,34.261589050293,0
1.15165543556213,34.261589050293,0
1.15165543556213,34.261589050293,0
1.15165543556213,34.261589050293,0
1.15165543556213,34.261589050293,0
1.15165543556213,34.261589050293,0
1.27609848976135,34.3719062805176,0
1.27609848976135,34.3719062805176,0
1.27609848976135,34.3719062805176,0
0.649369120597839,34.1515159606934,0
0.661986351013184,34.140625,0
1.27609848976135,34.3719062805176,0
1.27609848976135,34.3719062805176,0
1.27609848976135,34.3719062805176,0
1.3747730255127,34.3019981384277,0
1.3747730255127,34.3019981384277,0
1.3747730255127,34.3019981384277,0
1.3747730255127,34.3019981384277,0
1.3747730255127,34.3019981384277,0
1.3747730255127,34.3019981384277,0
1.3747730255127,34.3019981384277,0
1.3747730255127,34.3019981384277,0
2.02890801429749,33.590747833252,0
2.02890801429749,33.590747833252,0
2.02890801429749,33.590747833252,0
2.0371253490448,33.4809303283691,0
1.12054681777954,34.0546684265137,0
1.12054681777954,34.0546684265137,0
1.12054681777954,34.0546684265137,0
1.12054681777954,34.0546684265137,0
1.12054681777954,34.0546684265137,0
2.54137110710144,34.6665420532227,0
1.12054681777954,34.0546684265137,0
1.05403518676758,34.3706207275391,0
1.05403518676758,34.3706207275391,0
1.05403518676758,34.3706207275391,0
1.05403518676758,34.3706207275391,0
1.05403518676758,34.3706207275391,0
1.05403518676758,34.3706207275391,0
1.05403518676758,34.3706207275391,0
1.19971585273743,34.1584243774414,0
1.19971585273743,34.1584243774414,0
1.19971585273743,34.1584243774414,0
1.19971585273743,34.1584243774414,0
1.19971585273743,34.1584243774414,0
1.19971585273743,34.1584243774414,0
1.19971585273743,34.1584243774414,0
1.19971585273743,34.1584243774414,0
1.33163118362427,34.6608619689941,0
1.33163118362427,34.6608619689941,0
1.33163118362427,34.6608619689941,0
1.33163118362427,34.6608619689941,0
1.33163118362427,34.6608619689941,0
1.33163118362427,34.6608619689941,0
1.01852333545685,34.0729484558105,0
1.01852333545685,34.0729484558105,0
1.01852333545685,34.0729484558105,0
1.01852333545685,34.0729484558105,0
1.01852333545685,34.0729484558105,0
1.01852333545685,34.0729484558105,0
1.01852333545685,34.0729484558105,0
1.03577780723572,33.3878631591797,0
1.03577780723572,33.3878631591797,0
1.03577780723572,33.3878631591797,0
1.03577780723572,33.3878631591797,0
1.03577780723572,33.3878631591797,0
1.03577780723572,33.3878631591797,0
1.08883786201477,33.4021606445313,0
1.08883786201477,33.4021606445313,0
1.08883786201477,33.4021606445313,0
1.08883786201477,33.4021606445313,0
1.08883786201477,33.4021606445313,0
1.08883786201477,33.4021606445313,0
1.08883786201477,33.4021606445313,0
0.825316965579987,34.2723846435547,0
0.825316965579987,34.2723846435547,0
0.825316965579987,34.2723846435547,0
0.825316965579987,34.2723846435547,0
0.825316965579987,34.2723846435547,0
0.825316965579987,34.2723846435547,0
0.825316965579987,34.2723846435547,0
0.825316965579987,34.2723846435547,0
0.825316965579987,34.2723846435547,0
0.825316965579987,34.2723846435547,0
0.802708446979523,34.3096466064453,0
0.802708446979523,34.3096466064453,0
0.802708446979523,34.3096466064453,0
0.802708446979523,34.3096466064453,0
0.802708446979523,34.3096466064453,0
0.883820950984955,34.3841171264648,0
0.883820950984955,34.3841171264648,0
0.883820950984955,34.3841171264648,0
0.883820950984955,34.3841171264648,0
0.883820950984955,34.3841171264648,0
0.883820950984955,34.3841171264648,0
0.883820950984955,34.3841171264648,0
0.808688759803772,34.3362693786621,0
0.808688759803772,34.3362693786621,0
0.808688759803772,34.3362693786621,0
0.808688759803772,34.3362693786621,0
0.808688759803772,34.3362693786621,0
0.808688759803772,34.3362693786621,0
0.808688759803772,34.3362693786621,0
0.808688759803772,34.3362693786621,0
0.808688759803772,34.3362693786621,0
0.857629358768463,34.3664779663086,0
0.857629358768463,34.3664779663086,0
0.857629358768463,34.3664779663086,0
0.857629358768463,34.3664779663086,0
0.857629358768463,34.3664779663086,0
0.857629358768463,34.3664779663086,0
0.857629358768463,34.3664779663086,0
0.869543254375458,34.3812675476074,0
0.869543254375458,34.3812675476074,0
0.869543254375458,34.3812675476074,0
0.869543254375458,34.3812675476074,0
0.869543254375458,34.3812675476074,0
0.869543254375458,34.3812675476074,0
0.869543254375458,34.3812675476074,0
0.869543254375458,34.3812675476074,0
0.961448907852173,33.5919456481934,0
0.961448907852173,33.5919456481934,0
0.961448907852173,33.5919456481934,0
0.961448907852173,33.5919456481934,0
0.961448907852173,33.5919456481934,0
0.961448907852173,33.5919456481934,0
0.961448907852173,33.5919456481934,0
3.39455413818359,31.942964553833,0
3.39455413818359,31.942964553833,0
3.33956956863403,31.8304347991943,0
3.39455413818359,31.942964553833,0
3.39455413818359,31.942964553833,0
3.39455413818359,31.942964553833,0
3.39455413818359,31.942964553833,0
3.39455413818359,31.942964553833,0
3.39455413818359,31.942964553833,0
2.15481948852539,32.6993865966797,1
1.97871387004852,32.5296211242676,1
1.97871387004852,32.5296211242676,1
2.11768364906311,32.5353012084961,1
1.97871387004852,32.5296211242676,1
1.97871387004852,32.5296211242676,1
1.97871387004852,32.5296211242676,1
2.43073320388794,32.7466316223145,0
2.43073320388794,32.7466316223145,0
2.43073320388794,32.7466316223145,0
2.56120586395264,32.9409027099609,0
1.96819818019867,32.5683441162109,0
2.43073320388794,32.7466316223145,0
2.43073320388794,32.7466316223145,0
2.43073320388794,32.7466316223145,0
2.43073320388794,32.7466316223145,0
2.43073320388794,32.7466316223145,0
2.43073320388794,32.7466316223145,0
2.43073320388794,32.7466316223145,0
2.42945981025696,32.8906021118164,0
2.42945981025696,32.8906021118164,0
2.42945981025696,32.8906021118164,0
2.42945981025696,32.8906021118164,0
2.42945981025696,32.8906021118164,0
2.42945981025696,32.8906021118164,0
2.42945981025696,32.8906021118164,0
2.42945981025696,32.8906021118164,0
2.42945981025696,32.8906021118164,0
2.42460131645203,32.851692199707,0
2.42460131645203,32.851692199707,0
2.42460131645203,32.851692199707,0
2.42460131645203,32.851692199707,0
2.42460131645203,32.851692199707,0
2.42460131645203,32.851692199707,0
2.42460131645203,32.851692199707,0
2.42460131645203,32.851692199707,0
2.42460131645203,32.851692199707,0
2.14705204963684,32.6508445739746,0
2.14705204963684,32.6508445739746,0
2.14705204963684,32.6508445739746,0
2.14705204963684,32.6508445739746,0
2.14705204963684,32.6508445739746,0
1.88566279411316,32.4086265563965,0
2.02559471130371,32.7174186706543,0
2.29200911521912,32.7195281982422,0
1.85034811496735,32.7078704833984,0
2.2992219924926802,32.7220840454102,0
2.02559471130371,32.7174186706543,0
1.83483409881592,32.3841743469238,0
1.86747825145721,32.7966499328613,0
1.83483409881592,32.3841743469238,0
1.83483409881592,32.3841743469238,0
1.83483409881592,32.3841743469238,0
1.83483409881592,32.3841743469238,0
1.83483409881592,32.3841743469238,0
1.83483409881592,32.3841743469238,0
1.83483409881592,32.3841743469238,0
1.83483409881592,32.3841743469238,0
2.03341221809387,32.8325843811035,0
1.90533483028412,32.3719940185547,0
1.90533483028412,32.3719940185547,0
1.90533483028412,32.3719940185547,0
1.90533483028412,32.3719940185547,0
1.74660897254944,32.1670837402344,0
1.90533483028412,32.3719940185547,0
1.90533483028412,32.3719940185547,0
1.90533483028412,32.3719940185547,0
1.90533483028412,32.3719940185547,0
3.00683951377869,30.913631439209,1
3.00683951377869,30.913631439209,1
3.00683951377869,30.913631439209,1
3.00683951377869,30.913631439209,1
3.00683951377869,30.913631439209,1
3.00683951377869,30.913631439209,1
3.00683951377869,30.913631439209,1
3.00683951377869,30.913631439209,1
3.09229350090027,30.889102935791,0
3.09229350090027,30.889102935791,0
3.09229350090027,30.889102935791,0
3.0139000415802,31.3441505432129,0
3.09229350090027,30.889102935791,0
3.09229350090027,30.889102935791,0
3.09229350090027,30.889102935791,0
3.09229350090027,30.889102935791,0
3.06571340560913,30.9412231445313,0
3.06571340560913,30.9412231445313,0
3.06571340560913,30.9412231445313,0
3.06571340560913,30.9412231445313,0
3.06571340560913,30.9412231445313,0
3.06571340560913,30.9412231445313,0
3.06571340560913,30.9412231445313,0
2.61549758911133,31.1452007293701,0
2.61549758911133,31.1452007293701,0
2.61549758911133,31.1452007293701,0
2.61549758911133,31.1452007293701,0
2.61549758911133,31.1452007293701,0
2.65484762191772,31.1845073699951,0
2.61549758911133,31.1452007293701,0
2.61549758911133,31.1452007293701,0
2.61549758911133,31.1452007293701,0
2.74137544631958,30.9613151550293,0
2.74137544631958,30.9613151550293,0
2.78837084770203,30.9091682434082,0
2.74137544631958,30.9613151550293,0
2.74137544631958,30.9613151550293,0
2.74137544631958,30.9613151550293,0
2.74137544631958,30.9613151550293,0
2.74137544631958,30.9613151550293,0
2.76146292686462,32.2359580993652,1
2.7695152759552,32.2951393127441,1
2.7695152759552,32.2951393127441,1
2.7695152759552,32.2951393127441,1
2.7695152759552,32.2951393127441,1
1.46846723556519,34.0943183898926,1
2.7695152759552,32.2951393127441,1
2.7695152759552,32.2951393127441,1
2.7695152759552,32.2951393127441,1
2.76196455955505,32.3320617675781,1
2.76196455955505,32.3320617675781,1
2.76196455955505,32.3320617675781,1
2.76196455955505,32.3320617675781,1
2.76196455955505,32.3320617675781,1
2.76196455955505,32.3320617675781,1
2.76196455955505,32.3320617675781,1
2.78554129600525,32.3996620178223,1
2.83723330497742,32.5306053161621,1
2.86015605926514,32.4313430786133,1
2.77324104309082,32.3021507263184,1
2.77324104309082,32.3021507263184,1
2.79109644889832,32.414722442627,1
2.7868857383728,32.4112701416016,1
2.77324104309082,32.3021507263184,1
2.77324104309082,32.3021507263184,1
2.91334438323975,32.1738739013672,1
2.77324104309082,32.3021507263184,1
2.77324104309082,32.3021507263184,1
2.83684015274048,32.4078254699707,1
2.95916128158569,32.2330055236816,0
2.81874656677246,32.2802124023438,0
2.81874656677246,32.2802124023438,0
2.81874656677246,32.2802124023438,0
2.81874656677246,32.2802124023438,0
2.81874656677246,32.2802124023438,0
2.50530576705933,32.3839073181152,0
2.50530576705933,32.3839073181152,0
2.50530576705933,32.3839073181152,0
2.50530576705933,32.3839073181152,0
2.50530576705933,32.3839073181152,0
2.50530576705933,32.3839073181152,0
2.50530576705933,32.3839073181152,0
2.50530576705933,32.3839073181152,0
2.50530576705933,32.3839073181152,0
3.30915713310242,32.8738670349121,1
3.30915713310242,32.8738670349121,1
3.30915713310242,32.8738670349121,1
3.30915713310242,32.8738670349121,1
3.69233274459839,33.9645347595215,0
3.03833198547363,34.1470222473145,0
3.03833198547363,34.1470222473145,0
3.03833198547363,34.1470222473145,0
3.03833198547363,34.1470222473145,0
3.03833198547363,34.1470222473145,0
3.03833198547363,34.1470222473145,0
3.03833198547363,34.1470222473145,0
3.08654856681824,34.1376533508301,0
3.03545713424683,34.0450592041016,0
3.03545713424683,34.0450592041016,0
3.03545713424683,34.0450592041016,0
3.03545713424683,34.0450592041016,0
3.03545713424683,34.0450592041016,0
3.03545713424683,34.0450592041016,0
2.24418377876282,32.8969917297363,1
2.24418377876282,32.8969917297363,1
2.24418377876282,32.8969917297363,1
2.24418377876282,32.8969917297363,1
2.24418377876282,32.8969917297363,1
2.36052346229553,33.2130241394043,1
2.48079371452332,33.0631141662598,1
2.2636284828186,32.8983764648438,1
2.2636284828186,32.8983764648438,1
2.2636284828186,32.8983764648438,1
2.21650981903076,32.8898048400879,1
2.21650981903076,32.8898048400879,1
2.21650981903076,32.8898048400879,1
2.52146339416504,33.2035675048828,1
2.5273814201355,33.2008895874023,1
2.21650981903076,32.8898048400879,1
2.21650981903076,32.8898048400879,1
2.5860641002655,32.6980056762695,0
2.31616306304932,32.9403533935547,0
2.32800364494324,33.2625541687012,0
2.31616306304932,32.9403533935547,0
2.31616306304932,32.9403533935547,0
2.31616306304932,32.9403533935547,0
2.31616306304932,32.9403533935547,0
2.20474600791931,33.1740913391113,0
2.20474600791931,33.1740913391113,0
2.20474600791931,33.1740913391113,0
2.20474600791931,33.1740913391113,0
2.20474600791931,33.1740913391113,0
2.20474600791931,33.1740913391113,0
2.20474600791931,33.1740913391113,0
2.20474600791931,33.1740913391113,0
2.20474600791931,33.1740913391113,0
2.20474600791931,33.1740913391113,0
2.12212133407593,33.191463470459,0
2.12212133407593,33.191463470459,0
2.12212133407593,33.191463470459,0
2.12212133407593,33.191463470459,0
2.12212133407593,33.191463470459,0
2.12212133407593,33.191463470459,0
2.12212133407593,33.191463470459,0
2.12212133407593,33.191463470459,0
2.12212133407593,33.191463470459,0
2.18861675262451,33.1163444519043,0
2.18861675262451,33.1163444519043,0
2.18861675262451,33.1163444519043,0
2.18861675262451,33.1163444519043,0
2.18861675262451,33.1163444519043,0
2.18861675262451,33.1163444519043,0
2.18861675262451,33.1163444519043,0
2.18861675262451,33.1163444519043,0
2.18861675262451,33.1163444519043,0
2.29568600654602,33.0078506469727,0
2.18861675262451,33.1163444519043,0
2.11178040504456,33.1042327880859,0
2.11178040504456,33.1042327880859,0
2.11178040504456,33.1042327880859,0
2.11178040504456,33.1042327880859,0
2.11178040504456,33.1042327880859,0
2.11178040504456,33.1042327880859,0
2.11178040504456,33.1042327880859,0
2.11178040504456,33.1042327880859,0
2.31113576889038,32.9849128723145,0
2.31113576889038,32.9849128723145,0
2.31113576889038,32.9849128723145,0
2.31113576889038,32.9849128723145,0
2.31113576889038,32.9849128723145,0
2.31113576889038,32.9849128723145,0
2.31113576889038,32.9849128723145,0
2.31113576889038,32.9849128723145,0
2.31113576889038,32.9849128723145,0
2.23748445510864,32.9107971191406,0
2.31113576889038,32.9849128723145,0
2.14581179618835,34.2044410705566,0
2.14581179618835,34.2044410705566,0
2.14581179618835,34.2044410705566,0
2.14581179618835,34.2044410705566,0
2.14581179618835,34.2044410705566,0
2.14581179618835,34.2044410705566,0
2.14581179618835,34.2044410705566,0
2.45021510124207,34.4914665222168,0
2.37368083000183,34.501106262207,0
2.37368083000183,34.501106262207,0
2.37368083000183,34.501106262207,0
2.37368083000183,34.501106262207,0
2.37368083000183,34.501106262207,0
2.37368083000183,34.501106262207,0
2.37368083000183,34.501106262207,0
2.56624221801758,34.6404800415039,0
2.56624221801758,34.6404800415039,0
2.56624221801758,34.6404800415039,0
2.56624221801758,34.6404800415039,0
2.56624221801758,34.6404800415039,0
2.58115363121033,34.5756759643555,0
2.56624221801758,34.6404800415039,0
2.56624221801758,34.6404800415039,0
3.28149676322937,31.5641326904297,0
3.28149676322937,31.5641326904297,0
3.28149676322937,31.5641326904297,0
3.28149676322937,31.5641326904297,0
3.28149676322937,31.5641326904297,0
3.28149676322937,31.5641326904297,0
3.28149676322937,31.5641326904297,0
3.28149676322937,31.5641326904297,0
3.52506995201111,31.7135047912598,0
3.52506995201111,31.7135047912598,0
3.52506995201111,31.7135047912598,0
3.52506995201111,31.7135047912598,0
3.52506995201111,31.7135047912598,0
3.52506995201111,31.7135047912598,0
3.60344052314758,31.6128997802734,0
3.66808867454529,31.7156181335449,0
3.52506995201111,31.7135047912598,0
3.52506995201111,31.7135047912598,0
2.47238349914551,31.0622043609619,1
2.47238349914551,31.0622043609619,1
2.47238349914551,31.0622043609619,1
2.47238349914551,31.0622043609619,1
2.47238349914551,31.0622043609619,1
2.47238349914551,31.0622043609619,1
2.47238349914551,31.0622043609619,1
2.41697716712952,30.9864540100098,1
2.41697716712952,30.9864540100098,1
2.51300311088562,30.8655757904053,1
2.41697716712952,30.9864540100098,1
2.41697716712952,30.9864540100098,1
2.41697716712952,30.9864540100098,1
2.35689759254456,31.4175453186035,0
2.35689759254456,31.4175453186035,0
2.35689759254456,31.4175453186035,0
2.35689759254456,31.4175453186035,0
2.35689759254456,31.4175453186035,0
2.35689759254456,31.4175453186035,0
2.35689759254456,31.4175453186035,0
2.58457088470459,30.9352512359619,0
2.58457088470459,30.9352512359619,0
2.58457088470459,30.9352512359619,0
2.58457088470459,30.9352512359619,0
2.58457088470459,30.9352512359619,0
2.58457088470459,30.9352512359619,0
2.58457088470459,30.9352512359619,0
2.58457088470459,30.9352512359619,0
2.35982012748718,30.9178142547607,0
2.35982012748718,30.9178142547607,0
2.35982012748718,30.9178142547607,0
2.35982012748718,30.9178142547607,0
2.35982012748718,30.9178142547607,0
2.35982012748718,30.9178142547607,0
2.35982012748718,30.9178142547607,0
2.51362681388855,30.8818950653076,0
2.51362681388855,30.8818950653076,0
2.51362681388855,30.8818950653076,0
2.51362681388855,30.8818950653076,0
2.51362681388855,30.8818950653076,0
2.51362681388855,30.8818950653076,0
2.51362681388855,30.8818950653076,0
2.51362681388855,30.8818950653076,0
2.51362681388855,30.8818950653076,0
2.52995300292969,30.7862167358398,0
2.52995300292969,30.7862167358398,0
2.59279322624207,30.797737121582,0
2.63730120658875,30.8576393127441,0
2.52995300292969,30.7862167358398,0
2.52995300292969,30.7862167358398,0
2.52995300292969,30.7862167358398,0
2.52995300292969,30.7862167358398,0
2.52995300292969,30.7862167358398,0
2.52995300292969,30.7862167358398,0
2.52995300292969,30.7862167358398,0
2.52995300292969,30.7862167358398,0
2.49448823928833,31.0923099517822,0
2.49448823928833,31.0923099517822,0
2.49448823928833,31.0923099517822,0
2.49448823928833,31.0923099517822,0
2.49448823928833,31.0923099517822,0
2.49448823928833,31.0923099517822,0
1.84558916091919,34.7231597900391,1
1.84558916091919,34.7231597900391,1
1.84558916091919,34.7231597900391,1
1.84558916091919,34.7231597900391,1
1.84558916091919,34.7231597900391,1
2.35744428634644,34.5862770080566,0
2.35744428634644,34.5862770080566,0
2.35744428634644,34.5862770080566,0
2.35744428634644,34.5862770080566,0
2.35744428634644,34.5862770080566,0
2.35744428634644,34.5862770080566,0
2.35744428634644,34.5862770080566,0
2.35744428634644,34.5862770080566,0
1.76908838748932,34.8571166992188,0
1.76908838748932,34.8571166992188,0
1.76908838748932,34.8571166992188,0
1.76908838748932,34.8571166992188,0
3.57426166534424,31.1324863433838,0
3.57426166534424,31.1324863433838,0
3.41740727424622,31.1809616088867,0
3.57426166534424,31.1324863433838,0
3.57426166534424,31.1324863433838,0
3.57426166534424,31.1324863433838,0
3.57426166534424,31.1324863433838,0
3.57426166534424,31.1324863433838,0
3.57426166534424,31.1324863433838,0
3.57426166534424,31.1324863433838,0
3.34775972366333,31.1935329437256,0
3.34775972366333,31.1935329437256,0
3.34775972366333,31.1935329437256,0
3.34775972366333,31.1935329437256,0
3.34775972366333,31.1935329437256,0
3.34775972366333,31.1935329437256,0
3.34775972366333,31.1935329437256,0
3.34775972366333,31.1935329437256,0
3.34775972366333,31.1935329437256,0
3.34775972366333,31.1935329437256,0
3.25135397911072,31.404354095459,0
3.25135397911072,31.404354095459,0
3.25135397911072,31.404354095459,0
3.25135397911072,31.404354095459,0
3.25135397911072,31.404354095459,0
3.25135397911072,31.404354095459,0
3.25135397911072,31.404354095459,0
1.79521262645721,32.899227142334,0
1.79521262645721,32.899227142334,0
1.79521262645721,32.899227142334,0
1.79521262645721,32.899227142334,0
1.79521262645721,32.899227142334,0
1.79521262645721,32.899227142334,0
1.79521262645721,32.899227142334,0
1.79521262645721,32.899227142334,0
2.84705948829651,32.124927520752,0
2.84705948829651,32.124927520752,0
2.84705948829651,32.124927520752,0
2.84705948829651,32.124927520752,0
1.98235940933228,33.0550918579102,0
1.98235940933228,33.0550918579102,0
1.98235940933228,33.0550918579102,0
1.98235940933228,33.0550918579102,0
2.3119683265686,33.0099906921387,0
2.34069156646729,33.0564002990723,0
2.32385993003845,33.0019454956055,0
2.33012795448303,33.0397720336914,0
1.98235940933228,33.0550918579102,0
1.99999451637268,33.2409324645996,0
1.99999451637268,33.2409324645996,0
1.99999451637268,33.2409324645996,0
1.99999451637268,33.2409324645996,0
1.99999451637268,33.2409324645996,0
1.99999451637268,33.2409324645996,0
1.99999451637268,33.2409324645996,0
1.99999451637268,33.2409324645996,0
1.99999451637268,33.2409324645996,0
1.77958250045776,33.0395240783691,0
1.77958250045776,33.0395240783691,0
1.77958250045776,33.0395240783691,0
1.77958250045776,33.0395240783691,0
1.77958250045776,33.0395240783691,0
1.77958250045776,33.0395240783691,0
1.77958250045776,33.0395240783691,0
1.77958250045776,33.0395240783691,0
3.49815559387207,34.1300354003906,1
3.49815559387207,34.1300354003906,1
3.49815559387207,34.1300354003906,1
3.49815559387207,34.1300354003906,1
3.49815559387207,34.1300354003906,1
3.49815559387207,34.1300354003906,1
3.49815559387207,34.1300354003906,1
3.69233274459839,33.9645347595215,0
3.69233274459839,33.9645347595215,0
3.69233274459839,33.9645347595215,0
3.69233274459839,33.9645347595215,0
3.69233274459839,33.9645347595215,0
3.60678219795227,34.1263580322266,0
3.60678219795227,34.1263580322266,0
3.60678219795227,34.1263580322266,0
3.60678219795227,34.1263580322266,0
3.60678219795227,34.1263580322266,0
3.60678219795227,34.1263580322266,0
3.60678219795227,34.1263580322266,0
3.60678219795227,34.1263580322266,0
3.60678219795227,34.1263580322266,0
3.51759910583496,34.1603584289551,0
3.51759910583496,34.1603584289551,0
3.51759910583496,34.1603584289551,0
3.51759910583496,34.1603584289551,0
3.51759910583496,34.1603584289551,0
3.51759910583496,34.1603584289551,0
3.51759910583496,34.1603584289551,0
3.40311789512634,30.9614372253418,1
3.40311789512634,30.9614372253418,1
3.40311789512634,30.9614372253418,1
3.40311789512634,30.9614372253418,1
3.40311789512634,30.9614372253418,1
3.40311789512634,30.9614372253418,1
3.44252777099609,30.9456558227539,0
3.44252777099609,30.9456558227539,0
3.44252777099609,30.9456558227539,0
3.44252777099609,30.9456558227539,0
3.44252777099609,30.9456558227539,0
3.44252777099609,30.9456558227539,0
3.44252777099609,30.9456558227539,0
3.44252777099609,30.9456558227539,0
3.44252777099609,30.9456558227539,0
3.44252777099609,30.9456558227539,0
3.20126748085022,30.9642467498779,0
3.20126748085022,30.9642467498779,0
3.20126748085022,30.9642467498779,0
3.09759187698364,30.8847064971924,0
3.20126748085022,30.9642467498779,0
3.20126748085022,30.9642467498779,0
3.2123076915741,30.9191608428955,0
3.20126748085022,30.9642467498779,0
3.20126748085022,30.9642467498779,0
3.27729225158691,30.9756202697754,0
3.27729225158691,30.9756202697754,0
3.27729225158691,30.9756202697754,0
3.27729225158691,30.9756202697754,0
3.27729225158691,30.9756202697754,0
3.27729225158691,30.9756202697754,0
3.27729225158691,30.9756202697754,0
3.27729225158691,30.9756202697754,0
3.27729225158691,30.9756202697754,0
3.09164381027222,31.0199394226074,0
3.09164381027222,31.0199394226074,0
3.09164381027222,31.0199394226074,0
3.09164381027222,31.0199394226074,0
3.09164381027222,31.0199394226074,0
3.09164381027222,31.0199394226074,0
3.09164381027222,31.0199394226074,0
3.09164381027222,31.0199394226074,0
2.7136914730072,30.9214210510254,0
2.80026865005493,30.921443939209,0
2.74202919006348,30.9543418884277,0
3.03893709182739,31.1524143218994,0
3.06657600402832,31.0652465820313,0
3.03893709182739,31.1524143218994,0
3.03893709182739,31.1524143218994,0
3.03893709182739,31.1524143218994,0
3.03893709182739,31.1524143218994,0
3.03893709182739,31.1524143218994,0
3.03893709182739,31.1524143218994,0
3.03893709182739,31.1524143218994,0
3.24445223808289,31.1587162017822,0
3.24445223808289,31.1587162017822,0
3.24445223808289,31.1587162017822,0
3.24445223808289,31.1587162017822,0
3.24445223808289,31.1587162017822,0
3.24445223808289,31.1587162017822,0
2.35250067710876,32.2547607421875,0
2.35250067710876,32.2547607421875,0
2.35250067710876,32.2547607421875,0
2.35250067710876,32.2547607421875,0
2.35250067710876,32.2547607421875,0
2.35250067710876,32.2547607421875,0
2.35250067710876,32.2547607421875,0
2.35250067710876,32.2547607421875,0
2.3648579120636,32.6032752990723,0
2.3648579120636,32.6032752990723,0
2.3648579120636,32.6032752990723,0
2.3648579120636,32.6032752990723,0
2.3648579120636,32.6032752990723,0
2.3648579120636,32.6032752990723,0
2.3648579120636,32.6032752990723,0
2.45030450820923,32.4588470458984,0
2.49765157699585,32.5025482177734,0
2.29793643951416,32.4508323669434,0
2.29793643951416,32.4508323669434,0
2.29793643951416,32.4508323669434,0
2.29793643951416,32.4508323669434,0
2.29793643951416,32.4508323669434,0
2.29793643951416,32.4508323669434,0
2.29793643951416,32.4508323669434,0
2.4464111328125,32.2825775146484,0
2.29793643951416,32.4508323669434,0
2.29793643951416,32.4508323669434,0
2.15202903747559,32.5299224853516,0
2.15202903747559,32.5299224853516,0
2.15202903747559,32.5299224853516,0
2.15202903747559,32.5299224853516,0
2.15202903747559,32.5299224853516,0
2.15202903747559,32.5299224853516,0
2.15202903747559,32.5299224853516,0
2.15202903747559,32.5299224853516,0
2.15202903747559,32.5299224853516,0
2.15202903747559,32.5299224853516,0
0.684333980083466,30.0505027770996,0
0.684333980083466,30.0505027770996,0
0.684333980083466,30.0505027770996,0
0.684333980083466,30.0505027770996,0
0.684333980083466,30.0505027770996,0
NA,NA,0
0.785143792629242,30.2475070953369,0
0.785143792629242,30.2475070953369,0
0.785143792629242,30.2475070953369,0
-0.556546568870544,30.1343879699707,1
-0.556546568870544,30.1343879699707,1
-0.556546568870544,30.1343879699707,1
-0.556546568870544,30.1343879699707,1
-0.556546568870544,30.1343879699707,1
-0.556546568870544,30.1343879699707,1
-0.556546568870544,30.1343879699707,1
-0.556546568870544,30.1343879699707,1
-0.556546568870544,30.1343879699707,1
-0.492146402597427,30.5141677856445,1
-0.303979516029358,30.3784961700439,0
-0.303979516029358,30.3784961700439,0
-0.303979516029358,30.3784961700439,0
-0.303979516029358,30.3784961700439,0
-0.303979516029358,30.3784961700439,0
-0.303979516029358,30.3784961700439,0
-0.303979516029358,30.3784961700439,0
-0.303979516029358,30.3784961700439,0
-0.303979516029358,30.3784961700439,0
-0.260062783956528,30.129674911499,0
-0.260062783956528,30.129674911499,0
-0.260062783956528,30.129674911499,0
-0.260062783956528,30.129674911499,0
-0.5497967004776,30.0675220489502,0
-0.5497967004776,30.0675220489502,0
-0.5497967004776,30.0675220489502,0
-0.5497967004776,30.0675220489502,0
-0.5497967004776,30.0675220489502,0
-0.5497967004776,30.0675220489502,0
-0.5497967004776,30.0675220489502,0
-0.5497967004776,30.0675220489502,0
-0.5497967004776,30.0675220489502,0
-0.553773462772369,30.3036918640137,0
-0.553773462772369,30.3036918640137,0
-0.553773462772369,30.3036918640137,0
-0.553773462772369,30.3036918640137,0
-0.553773462772369,30.3036918640137,0
-0.553773462772369,30.3036918640137,0
-0.553773462772369,30.3036918640137,0
-0.553773462772369,30.3036918640137,0
-0.528355836868286,29.9541797637939,0
-0.528355836868286,29.9541797637939,0
-0.528355836868286,29.9541797637939,0
-0.528355836868286,29.9541797637939,0
-0.528355836868286,29.9541797637939,0
-0.528355836868286,29.9541797637939,0
-0.567364752292633,30.4266242980957,0
-0.567364752292633,30.4266242980957,0
-0.567364752292633,30.4266242980957,0
-0.567364752292633,30.4266242980957,0
-0.567364752292633,30.4266242980957,0
-0.567364752292633,30.4266242980957,0
-0.567364752292633,30.4266242980957,0
-0.567364752292633,30.4266242980957,0
1.44564294815063,31.3347625732422,1
1.44564294815063,31.3347625732422,1
1.44564294815063,31.3347625732422,1
1.36187076568604,31.4513874053955,0
1.36187076568604,31.4513874053955,0
1.36187076568604,31.4513874053955,0
1.36187076568604,31.4513874053955,0
1.36187076568604,31.4513874053955,0
1.47465217113495,31.3388938903809,0
1.47465217113495,31.3388938903809,0
1.47465217113495,31.3388938903809,0
1.47465217113495,31.3388938903809,0
1.47465217113495,31.3388938903809,0
1.47465217113495,31.3388938903809,0
1.47465217113495,31.3388938903809,0
1.44195747375488,31.155403137207,0
1.44195747375488,31.155403137207,0
1.44195747375488,31.155403137207,0
1.44195747375488,31.155403137207,0
1.44195747375488,31.155403137207,0
1.44195747375488,31.155403137207,0
1.44195747375488,31.155403137207,0
1.25608265399933,30.8103256225586,0
1.25608265399933,30.8103256225586,0
1.25608265399933,30.8103256225586,0
1.25608265399933,30.8103256225586,0
1.25608265399933,30.8103256225586,0
0.914398610591888,30.7580909729004,0
1.25608265399933,30.8103256225586,0
-1.24142968654633,29.9611663818359,1
-1.24142968654633,29.9611663818359,1
-1.24142968654633,29.9611663818359,1
-1.24142968654633,29.9611663818359,1
-1.24142968654633,29.9611663818359,1
-1.24142968654633,29.9611663818359,1
-1.24142968654633,29.9611663818359,1
-1.24142968654633,29.9611663818359,1
-1.25521552562714,30.0568199157715,0
-1.25521552562714,30.0568199157715,0
-1.25521552562714,30.0568199157715,0
-1.25521552562714,30.0568199157715,0
-1.25521552562714,30.0568199157715,0
-1.25521552562714,30.0568199157715,0
-1.25521552562714,30.0568199157715,0
-1.25521552562714,30.0568199157715,0
-1.25521552562714,30.0568199157715,0
-1.40499544143677,29.949390411377,0
-1.40499544143677,29.949390411377,0
-1.40499544143677,29.949390411377,0
-1.40499544143677,29.949390411377,0
-1.40499544143677,29.949390411377,0
-1.40499544143677,29.949390411377,0
-1.40499544143677,29.949390411377,0
-1.40499544143677,29.949390411377,0
-1.40499544143677,29.949390411377,0
-1.40499544143677,29.949390411377,0
-1.16621911525726,29.7942943572998,0
-1.16621911525726,29.7942943572998,0
-1.16621911525726,29.7942943572998,0
-1.16621911525726,29.7942943572998,0
-1.16621911525726,29.7942943572998,0
-1.16621911525726,29.7942943572998,0
-1.16621911525726,29.7942943572998,0
-1.15726232528687,30.0624504089355,0
-1.15726232528687,30.0624504089355,0
-1.15726232528687,30.0624504089355,0
-1.15726232528687,30.0624504089355,0
0.64079874753952,30.3012828826904,1
0.64079874753952,30.3012828826904,1
0.64079874753952,30.3012828826904,1
0.64079874753952,30.3012828826904,1
0.64079874753952,30.3012828826904,1
0.626914322376251,30.2771186828613,1
0.626914322376251,30.2771186828613,1
0.626914322376251,30.2771186828613,1
0.626914322376251,30.2771186828613,1
0.626914322376251,30.2771186828613,1
0.447067439556122,30.1652870178223,0
0.447067439556122,30.1652870178223,0
0.447067439556122,30.1652870178223,0
0.447067439556122,30.1652870178223,0
0.578551709651947,30.1612014770508,0
0.578551709651947,30.1612014770508,0
0.578551709651947,30.1612014770508,0
0.578551709651947,30.1612014770508,0
0.578551709651947,30.1612014770508,0
0.578551709651947,30.1612014770508,0
0.578551709651947,30.1612014770508,0
0.177929356694222,30.0738525390625,1
0.177929356694222,30.0738525390625,1
NA,NA,1
0.177929356694222,30.0738525390625,1
3.41503007803112e-4,29.7339096069336,0
3.41503007803112e-4,29.7339096069336,0
3.41503007803112e-4,29.7339096069336,0
3.41503007803112e-4,29.7339096069336,0
3.41503007803112e-4,29.7339096069336,0
3.41503007803112e-4,29.7339096069336,0
3.41503007803112e-4,29.7339096069336,0
3.41503007803112e-4,29.7339096069336,0
3.41503007803112e-4,29.7339096069336,0
3.41503007803112e-4,29.7339096069336,0
0.0804493054747581,29.8522396087646,0
0.0804493054747581,29.8522396087646,0
0.0804493054747581,29.8522396087646,0
0.0804493054747581,29.8522396087646,0
0.0804493054747581,29.8522396087646,0
0.0804493054747581,29.8522396087646,0
0.0804493054747581,29.8522396087646,0
0.35821470618248,30.0851936340332,0
0.35821470618248,30.0851936340332,0
0.35821470618248,30.0851936340332,0
0.35821470618248,30.0851936340332,0
0.0584137737751007,29.9493350982666,0
0.0584137737751007,29.9493350982666,0
0.0584137737751007,29.9493350982666,0
0.0584137737751007,29.9493350982666,0
0.0584137737751007,29.9493350982666,0
0.940079212188721,30.811918258667,1
1.02071845531464,31.1242160797119,0
1.02071845531464,31.1242160797119,0
1.02071845531464,31.1242160797119,0
1.02071845531464,31.1242160797119,0
1.02071845531464,31.1242160797119,0
1.02071845531464,31.1242160797119,0
0.887235939502716,30.6932125091553,0
0.887235939502716,30.6932125091553,0
0.887235939502716,30.6932125091553,0
0.887235939502716,30.6932125091553,0
0.887235939502716,30.6932125091553,0
1.00910222530365,30.5577793121338,0
1.00910222530365,30.5577793121338,0
1.00910222530365,30.5577793121338,0
0.914466857910156,31.0712184906006,0
0.914466857910156,31.0712184906006,0
0.914466857910156,31.0712184906006,0
0.914466857910156,31.0712184906006,0
-1.15060031414032,29.6728382110596,0
-1.15060031414032,29.6728382110596,0
-1.15060031414032,29.6728382110596,0
-1.15060031414032,29.6728382110596,0
-1.15060031414032,29.6728382110596,0
-1.15060031414032,29.6728382110596,0
-1.15060031414032,29.6728382110596,0
-1.15060031414032,29.6728382110596,0
-1.34085130691528,29.7682571411133,0
-1.34085130691528,29.7682571411133,0
-1.34085130691528,29.7682571411133,0
-1.34085130691528,29.7682571411133,0
-1.34085130691528,29.7682571411133,0
-1.34085130691528,29.7682571411133,0
-1.34085130691528,29.7682571411133,0
-1.34085130691528,29.7682571411133,0
-1.34085130691528,29.7682571411133,0
1.69431710243225,31.7118549346924,1
1.69431710243225,31.7118549346924,1
1.69431710243225,31.7118549346924,1
1.69431710243225,31.7118549346924,1
1.69431710243225,31.7118549346924,1
1.62602508068085,31.5849761962891,0
1.62602508068085,31.5849761962891,0
1.62602508068085,31.5849761962891,0
1.74665224552155,31.6700687408447,0
1.74665224552155,31.6700687408447,0
1.74665224552155,31.6700687408447,0
1.74665224552155,31.6700687408447,0
2.22743916511536,32.2615852355957,0
-0.608761012554169,30.6722297668457,1
-0.608761012554169,30.6722297668457,1
-0.608761012554169,30.6722297668457,1
-0.608761012554169,30.6722297668457,1
-0.608761012554169,30.6722297668457,1
-0.593402326107025,30.6618728637695,1
-0.593402326107025,30.6618728637695,1
-0.56057220697403,30.6788005828857,0
-0.56057220697403,30.6788005828857,0
-0.56057220697403,30.6788005828857,0
-0.56057220697403,30.6788005828857,0
-0.56057220697403,30.6788005828857,0
-0.56057220697403,30.6788005828857,0
-0.56057220697403,30.6788005828857,0
-0.323038339614868,30.5947933197021,0
-0.323038339614868,30.5947933197021,0
-0.323038339614868,30.5947933197021,0
-0.323038339614868,30.5947933197021,0
-0.323038339614868,30.5947933197021,0
-0.323038339614868,30.5947933197021,0
-0.323038339614868,30.5947933197021,0
-0.323038339614868,30.5947933197021,0
-0.323038339614868,30.5947933197021,0
-0.323038339614868,30.5947933197021,0
-0.74503880739212,30.4248142242432,0
-0.74503880739212,30.4248142242432,0
-0.74503880739212,30.4248142242432,0
-0.69743824005127,30.4774150848389,0
-0.74503880739212,30.4248142242432,0
-0.74503880739212,30.4248142242432,0
-0.654303014278412,30.3842182159424,0
-0.74503880739212,30.4248142242432,0
-0.74503880739212,30.4248142242432,0
-0.74503880739212,30.4248142242432,0
-0.860807299613953,30.2692756652832,1
-0.860807299613953,30.2692756652832,1
-0.860807299613953,30.2692756652832,1
-0.860807299613953,30.2692756652832,1
-0.860807299613953,30.2692756652832,1
-0.860807299613953,30.2692756652832,1
-0.760570764541626,30.1790943145752,0
-0.760570764541626,30.1790943145752,0
-0.760570764541626,30.1790943145752,0
-0.760570764541626,30.1790943145752,0
-0.760570764541626,30.1790943145752,0
-0.760570764541626,30.1790943145752,0
-0.760570764541626,30.1790943145752,0
-0.867663264274597,30.3541145324707,0
-0.867663264274597,30.3541145324707,0
-0.867663264274597,30.3541145324707,0
-0.867663264274597,30.3541145324707,0
-0.867663264274597,30.3541145324707,0
-0.867663264274597,30.3541145324707,0
-0.867663264274597,30.3541145324707,0
-0.982336580753326,30.45973777771,0
-0.982336580753326,30.45973777771,0
-0.982336580753326,30.45973777771,0
-0.982336580753326,30.45973777771,0
-0.982336580753326,30.45973777771,0
-0.982336580753326,30.45973777771,0
-0.982336580753326,30.45973777771,0
-0.982336580753326,30.45973777771,0
-0.987176835536957,30.1298351287842,0
-0.987176835536957,30.1298351287842,0
-0.987176835536957,30.1298351287842,0
-0.987176835536957,30.1298351287842,0
-0.987176835536957,30.1298351287842,0
-0.987176835536957,30.1298351287842,0
-0.987176835536957,30.1298351287842,0
-0.987176835536957,30.1298351287842,0
-0.987176835536957,30.1298351287842,0
-0.987176835536957,30.1298351287842,0
-0.96490079164505,29.9596881866455,0
-0.96490079164505,29.9596881866455,0
-0.96490079164505,29.9596881866455,0
-0.96490079164505,29.9596881866455,0
-0.96490079164505,29.9596881866455,0
-0.96490079164505,29.9596881866455,0
-0.96490079164505,29.9596881866455,0
-0.96490079164505,29.9596881866455,0
-0.640430748462677,29.8059825897217,0
-0.640430748462677,29.8059825897217,0
-0.640430748462677,29.8059825897217,0
-0.640430748462677,29.8059825897217,0
-0.640430748462677,29.8059825897217,0
-0.640430748462677,29.8059825897217,0
-0.59185004234314,29.8889656066895,0
-0.640430748462677,29.8059825897217,0
-0.640430748462677,29.8059825897217,0
0.389080584049225,30.4866619110107,0
0.389080584049225,30.4866619110107,0
0.389080584049225,30.4866619110107,0
0.389080584049225,30.4866619110107,0
0.389080584049225,30.4866619110107,0
0.389080584049225,30.4866619110107,0
0.389080584049225,30.4866619110107,0
0.142605289816856,30.495325088501,0
0.142605289816856,30.495325088501,0
0.142605289816856,30.495325088501,0
0.142605289816856,30.495325088501,0
0.142605289816856,30.495325088501,0
0.142605289816856,30.495325088501,0
-0.105038173496723,30.2642192840576,0
-0.105038173496723,30.2642192840576,0
-0.105038173496723,30.2642192840576,0
-0.896750926971436,29.7783241271973,1
-0.896750926971436,29.7783241271973,1
-0.896750926971436,29.7783241271973,1
-0.779665112495422,29.6530265808105,0
-0.779665112495422,29.6530265808105,0
-0.779665112495422,29.6530265808105,0
-0.779665112495422,29.6530265808105,0
-0.779665112495422,29.6530265808105,0
-0.779665112495422,29.6530265808105,0
-0.92032378911972,29.8012294769287,0
-0.92032378911972,29.8012294769287,0
-0.92032378911972,29.8012294769287,0
-0.92032378911972,29.8012294769287,0
0.599728763103485,30.6424827575684,1
0.599728763103485,30.6424827575684,1
0.599728763103485,30.6424827575684,1
0.419650048017502,31.0364627838135,0
0.419650048017502,31.0364627838135,0
0.419650048017502,31.0364627838135,0
0.591023623943329,30.4715900421143,0
0.591023623943329,30.4715900421143,0
0.591023623943329,30.4715900421143,0
0.591023623943329,30.4715900421143,0
0.591023623943329,30.4715900421143,0
0.728757619857788,30.6465892791748,0
0.728757619857788,30.6465892791748,0
0.728757619857788,30.6465892791748,0
0.728757619857788,30.6465892791748,0
0.728757619857788,30.6465892791748,0
0.728757619857788,30.6465892791748,0
0.728757619857788,30.6465892791748,0
0.822011709213257,30.7921314239502,0
0.822011709213257,30.7921314239502,0
0.822011709213257,30.7921314239502,0
0.822011709213257,30.7921314239502,0
0.822011709213257,30.7921314239502,0
0.822011709213257,30.7921314239502,0
0.822011709213257,30.7921314239502,0
0.822011709213257,30.7921314239502,0
2.09265446662903,31.4800834655762,0
2.09265446662903,31.4800834655762,0
2.09265446662903,31.4800834655762,0
-0.132562950253487,30.4788208007813,1
-0.132562950253487,30.4788208007813,1
-0.132562950253487,30.4788208007813,1
-0.132562950253487,30.4788208007813,1
-0.132562950253487,30.4788208007813,1
-0.132562950253487,30.4788208007813,1
-0.132562950253487,30.4788208007813,1
-0.132562950253487,30.4788208007813,1
0.0148298358544707,30.5203266143799,0
0.0148298358544707,30.5203266143799,0
0.0148298358544707,30.5203266143799,0
0.0148298358544707,30.5203266143799,0
0.0148298358544707,30.5203266143799,0
0.0148298358544707,30.5203266143799,0
0.0148298358544707,30.5203266143799,0
0.0148298358544707,30.5203266143799,0
0.0808010026812553,30.4895534515381,0
-0.227396413683891,30.4021682739258,0
-0.227396413683891,30.4021682739258,0
-0.227396413683891,30.4021682739258,0
-0.227396413683891,30.4021682739258,0
-0.227396413683891,30.4021682739258,0
-0.227396413683891,30.4021682739258,0
-0.227396413683891,30.4021682739258,0
-0.227396413683891,30.4021682739258,0
-0.227396413683891,30.4021682739258,0
-0.227396413683891,30.4021682739258,0
-0.925601899623871,30.7941589355469,0
-0.925601899623871,30.7941589355469,0
-0.925601899623871,30.7941589355469,0
-0.925601899623871,30.7941589355469,0
-0.925601899623871,30.7941589355469,0
-0.925601899623871,30.7941589355469,0
-0.925601899623871,30.7941589355469,0
-0.925601899623871,30.7941589355469,0
-0.757246434688568,30.8071994781494,0
-0.757246434688568,30.8071994781494,0
-0.757246434688568,30.8071994781494,0
-0.757246434688568,30.8071994781494,0
-0.757246434688568,30.8071994781494,0
-0.757246434688568,30.8071994781494,0
-0.757246434688568,30.8071994781494,0
-0.855295062065125,30.6595821380615,0
-0.855295062065125,30.6595821380615,0
-0.855295062065125,30.6595821380615,0
-0.855295062065125,30.6595821380615,0
-0.855295062065125,30.6595821380615,0
-0.855295062065125,30.6595821380615,0
-0.855295062065125,30.6595821380615,0
-0.855295062065125,30.6595821380615,0
-0.855295062065125,30.6595821380615,0
-0.15113827586174,30.9488544464111,0
-0.15113827586174,30.9488544464111,0
-0.15113827586174,30.9488544464111,0
-0.278873801231384,30.8901271820068,0
-0.278873801231384,30.8901271820068,0
-0.278873801231384,30.8901271820068,0
-0.278873801231384,30.8901271820068,0
-0.278873801231384,30.8901271820068,0
-0.278873801231384,30.8901271820068,0
-0.278873801231384,30.8901271820068,0
